weight1,weight2,weight3
0.43303358606820475,0.4132670228510683,0.1536993910807269
