Underlying,Strike,IV,TTM,RF,DivRate
96.66470989876338,95.9253822426943,0.2,169,0.045,0.0527655442270103
