Asset1,Asset2,Asset3
0.03510110215029447,0.03422514098947616,0.039528141492726966
0.03422514098947616,0.0354671482280321,0.03973371330491492
0.039528141492726966,0.03973371330491492,0.047309522987133576
