RF,Expected_Value_1,Expected_Value_2,Expected_Value_3
0.045,0.1373261302970376,0.13780628568003112,0.15218611774025181
